Year Released,Album Length,Album Name,Artist
2022,5769992,HEROES & VILLAINS (Heroes Version),Metro Boomin
2022,5769992,HEROES & VILLAINS (Heroes Version),Metro Boomin
2022,5769992,HEROES & VILLAINS (Heroes Version),Metro Boomin
2022,2884996,HEROES & VILLAINS,Metro Boomin
2022,2884996,HEROES & VILLAINS,Metro Boomin
2020,6345088,SAVAGE MODE II [CHOPPED NOT SLOPPED],21 Savage
2020,2640651,SAVAGE MODE II,21 Savage
2020,2640650,SAVAGE MODE II,21 Savage
2018,5250459,NOT ALL HEROES WEAR CAPES (Deluxe),Metro Boomin
2018,5226498,NOT ALL HEROES WEAR CAPES (Deluxe),Metro Boomin
2017,2494104,Double Or Nothing (& Metro Boomin),Big Sean
2017,2494104,Double Or Nothing (& Metro Boomin),Big Sean
2017,2009424,Without Warning,21 Savage
2017,2009424,Without Warning,21 Savage
2017,3326796,Perfect Timing,NAV
2017,3326792,Perfect Timing,NAV
2016,1946903,Savage Mode,21 Savage
2014,3638905,19 & Boomin,Metro Boomin
2022,3920416,It's Only Me,Lil Baby
2022,3920416,It's Only Me,Lil Baby
2021,3592852,The Voice of the Heroes,Lil Baby
2021,3592852,The Voice of the Heroes,Lil Baby
2020,4885512,My Turn (Deluxe),Lil Baby
2020,4887271,My Turn (Deluxe),Lil Baby
2020,4632784,My Turn (Deluxe),Lil Baby
2020,4634543,My Turn (Deluxe),Lil Baby
2020,3652848,My Turn,Lil Baby
2020,3654607,My Turn,Lil Baby
2018,2496874,Street Gossip,Lil Baby
2018,2332540,Drip Harder,Lil Baby
2018,3082971,Harder Than Ever,Lil Baby
2017,2932435,Too Hard,Lil Baby
2017,1744557,2 The Hard Way,Lil Baby
2017,1743239,2 The Hard Way,Lil Baby
2017,2470150,Harder Than Hard,Lil Baby
2017,2395130,Perfect Timing,Lil Baby
2022,2838057,D-Day: A Gangsta Grillz Mixtape,Dreamville
2022,2837732,D-Day: A Gangsta Grillz Mixtape,Dreamville
2021,2348898,The Off-Season,J. Cole
2021,2348898,The Off-Season,J. Cole
2020,6325469,Revenge Of The Dreamers III: Director's Cut,Dreamville
2020,6325736,Revenge Of The Dreamers III: Director's Cut,Dreamville
2019,3873926,Revenge Of The Dreamers III,Dreamville
2019,3873926,Revenge Of The Dreamers III,Dreamville
2018,2553943,KOD,J. Cole
2018,2553007,KOD,J. Cole
2016,2671811,4 Your Eyez Only,J. Cole
2016,2671811,4 Your Eyez Only,J. Cole
2016,4038796,"Forest Hills Drive: Live from Fayetteville, NC",J. Cole
2014,3883748,2014 Forest Hills Drive,J. Cole
2014,3884701,2014 Forest Hills Drive,J. Cole
2014,2035188,The Blow Up,J. Cole
2013,4707446,Born Sinner (Deluxe Version),J. Cole
2013,3575074,Born Sinner,J. Cole
2013,3575328,Born Sinner,J. Cole
2011,3468529,Cole World: The Sideline Story,J. Cole
2011,3468542,Cole World: The Sideline Story,J. Cole
2022,3640545,Her Loss,Drake
2022,3640545,Her Loss,Drake
2022,3152558,"Honestly, Nevermind",Drake
2022,3152558,"Honestly, Nevermind",Drake
2021,5173117,Certified Lover Boy,Drake
2021,5173116,Certified Lover Boy,Drake
2020,2995371,Dark Lane Demo Tapes,Drake
2020,2991074,Dark Lane Demo Tapes,Drake
2019,4425273,Care Package,Drake
2019,4425273,Care Package,Drake
2019,4437727,So Far Gone,Drake
2018,5426391,Scorpion,Drake
2018,5426391,Scorpion,Drake
2017,4899126,More Life,Drake
2017,4899126,More Life,Drake
2016,4875485,Views,Drake
2016,4875485,Views,Drake
2015,2435958,What A Time To Be Alive,Drake
2015,2435958,What A Time To Be Alive,Drake
2015,4129729,If You're Reading This It's Too Late,Drake
2015,4129729,If You're Reading This It's Too Late,Drake
2013,4318651,Nothing Was The Same (Deluxe),Drake
2013,4076943,Nothing Was The Same (Deluxe),Drake
2013,4315290,Nothing Was The Same (Deluxe),Drake
2013,4315290,Nothing Was The Same (Deluxe),Drake
2013,4074330,Nothing Was The Same (Deluxe),Drake
2013,3568770,Nothing Was The Same,Drake
2013,3568090,Nothing Was The Same,Drake
2011,5005794,Take Care,Drake
2011,5005808,Take Care (Deluxe),Drake
2011,4824248,Take Care (Deluxe),Drake
2011,4788328,Take Care (Explicit Deluxe),Drake
2011,5005837,Take Care (Deluxe),Drake
2011,5005819,Take Care,Drake
2010,3927422,Thank Me Later (Int'l Version),Drake
2010,3668663,Thank Me Later,Drake
2010,3666717,Thank Me Later,Drake
2010,3666706,Thank Me Later,Drake
2009,4437710,So Far Gone,Drake
2022,8775605,So Icy Boyz: The Finale,Gucci Mane
2022,8313072,So Icy Boyz 22,Gucci Mane
2022,6056723,So Icy Gang: The ReUp,Gucci Mane
2021,2718637,So Icy Christmas,Gucci Mane
2021,5887305,So Icy Boyz (Deluxe),Gucci Mane
2021,5887299,So Icy Boyz (Deluxe),Gucci Mane
2021,2942869,So Icy Boyz,Gucci Mane
2021,2942869,So Icy Boyz,Gucci Mane
2021,5875671,So Icy Boyz Instrumental,Gucci Mane
2021,3073038,Ice Daddy,Gucci Mane
2021,3073038,Ice Daddy,Gucci Mane
2020,4819907,Gucci Mane Presents: So Icy Summer,Gucci Mane
2019,2573706,East Atlanta Santa 3,Gucci Mane
2019,2572721,East Atlanta Santa 3,Gucci Mane
2019,2168475,Woptober II,Gucci Mane
2019,2166963,Woptober II,Gucci Mane
2019,3482405,Delusions of Grandeur,Gucci Mane
2019,3485562,Delusions of Grandeur,Gucci Mane
2018,3045879,Evil Genius,Gucci Mane
2018,3045879,Evil Genius,Gucci Mane
2017,1841897,El Gato: The Human Glacier,Gucci Mane
2017,3672298,Mr. Davis,Gucci Mane
2017,3670076,Mr. Davis,Gucci Mane
2017,2250723,Droptopwop,Gucci Mane
2017,2006203,Zone,Future
2016,2579415,The Return of East Atlanta Santa,Gucci Mane
2016,2581438,The Return of East Atlanta Santa,Gucci Mane
2016,2610302,WOPTOBER,Gucci Mane
2016,2610365,WOPTOBER,Gucci Mane
2016,3140771,Everybody Looking,Gucci Mane
2016,3140771,Everybody Looking,Gucci Mane
2016,2831091,Birds of a Feather 2,Don Mega
2016,7170736,Meal Ticket,Gucci Mane
2016,7171752,Meal Ticket,Gucci Mane
2016,3527875,"Gucci Vs. C-Note, 2",Gucci Mane
2016,11705335,Greatest Mixtape Hits,Gucci Mane
2016,5778194,El Chapo's Home,Gucci Mane
2016,5780035,El Chapo's Home,Gucci Mane
2015,2308951,East Atlanta Santa 2,Gucci Mane
2015,2309593,East Atlanta Santa 2,Gucci Mane
2015,5312665,Brick Factory 2,Gucci Mane
2015,3798709,"Wilt Chamberlain, Pt. 4",Gucci Mane
2015,3798709,Wilt Chamberlain (Pt. 4),Gucci Mane
2015,4083314,"Wilt Chamberlain, Pt. 2",Gucci Mane
2015,4083787,Wilt Chamberlain (Pt. 2),Gucci Mane
2015,4645625,"Wilt Chamberlain, Pt. 6",Gucci Mane
2015,4645625,Wilt Chamberlain (Pt. 6),Gucci Mane
2015,4533961,Kitchen Talk,Gucci Mane
2015,4533961,Kitchen Talk,Gucci Mane
2015,4436914,Goochsomnia,Gucci Mane
2020,4969309,Pluto x Baby Pluto (Deluxe),Future
2020,3269252,Pluto x Baby Pluto,Future
2020,4964979,Pluto x Baby Pluto (Deluxe),Future
2020,3269252,Pluto x Baby Pluto,Future
2020,6303177,Eternal Atake (Deluxe) - LUV vs. The World 2,Lil Uzi Vert
2020,3733776,Eternal Atake,Lil Uzi Vert
2017,4172312,Luv Is Rage 2 (Deluxe),Lil Uzi Vert
2017,4171845,Luv Is Rage 2 (Deluxe),Lil Uzi Vert
2017,3380154,Luv Is Rage 2,Lil Uzi Vert
2017,3380176,Luv Is Rage 2,Lil Uzi Vert
2016,1953353,The Perfect LUV Tape,Lil Uzi Vert
2016,2032417,Lil Uzi Vert vs. The World,Lil Uzi Vert
2015,2595859,Luv Is Rage,Lil Uzi Vert
2023,4568711,MANSION MUSIK,Trippie Redd
2023,4563897,MANSION MUSIK,Trippie Redd
2021,2976549,Trip At Knight (Complete Edition),Trippie Redd
2021,2960813,Trip At Knight (Complete Edition),Trippie Redd
2021,6823477,Pegasus: Neon Shark vs Pegasus Presented By Travis Barker (Deluxe),Trippie Redd
2020,4852246,Pegasus (Spooky Sounds Edition),Trippie Redd
2020,4463123,Pegasus,Trippie Redd
2020,4462836,Pegasus,Trippie Redd
2020,4982357,A Love Letter To You 4 (Deluxe),Trippie Redd
2019,3548361,A Love Letter To You 4,Trippie Redd
2019,3550583,A Love Letter To You 4,Trippie Redd
2019,2171515,!,Trippie Redd
2019,2171386,!,Trippie Redd
2018,2626781,A Love Letter To You 3,Trippie Redd
2018,2803200,LIFE'S A TRIP,Trippie Redd
2017,2880301,A Love Letter To You 2,Trippie Redd
2017,2165037,A Love Letter To You,Trippie Redd
2022,3429890,Lil Durk Presents: Loyal Bros 2,Only The Family
2022,3430448,Lil Durk Presents: Loyal Bros 2,Only The Family
2022,5011503,7220 (Deluxe),Lil Durk
2022,2875017,7220 (Reloaded),Lil Durk
2022,2735484,7220,Lil Durk
2022,2877727,7220 (Reloaded),Lil Durk
2021,3592852,The Voice of the Heroes,Lil Baby
2021,3592852,The Voice of the Heroes,Lil Baby
2021,4323394,The Voice (Deluxe),Lil Durk
2021,4317195,The Voice (Deluxe),Lil Durk
2020,2487191,The Voice,Lil Durk
2020,2483640,The Voice,Lil Durk
2020,3391178,Just Cause Y'all Waited 2 (Deluxe),Lil Durk
2020,3377196,Just Cause Y'all Waited 2 (Deluxe),Lil Durk
2020,2389779,Just Cause Y'all Waited 2,Lil Durk
2020,2375797,Just Cause Y'all Waited 2,Lil Durk
2019,2503965,Family Over Everything,Lil Durk
2019,2503031,Family Over Everything,Lil Durk
2019,2855562,Love Songs 4 the Streets 2,Lil Durk
2019,2856042,Love Songs 4 the Streets 2,Lil Durk
2018,4259857,Signed To The Streets 3,Lil Durk
2018,4272931,Signed To The Streets 3,Lil Durk
2018,2470267,Just Cause Y'all Waited,Lil Durk
2018,2204583,Just Cause Y'all Waited,Lil Durk
2017,2422029,Bloodas,Tee Grizzley
2017,1867483,Signed to the Streets 2.5,Lil Durk
2017,1814392,Love Songs for the Streets,Lil Durk
2017,2520173,They Forgot,Lil Durk
2016,2721967,Lil Durk 2X (Deluxe),Lil Durk
2016,2721970,Lil Durk 2X (Deluxe),Lil Durk
2016,2367382,Lil Durk 2X,Lil Durk
2016,2367597,Lil Durk 2X,Lil Durk
2015,3568136,300 Days 300 Nights,Lil Durk
2015,2471969,Remember My Name (Deluxe),Lil Durk
2015,2471969,Remember My Name (Deluxe),Lil Durk
2015,2030290,Remember My Name,Lil Durk
2015,2030304,Remember My Name,Lil Durk
2014,3870084,Signed to the Streets 2,Lil Durk
2013,3086987,Signed to the Streets,Lil Durk
2012,3195945,I'm Still a Hitta,Lil Durk
2012,3183563,Life Ain't No Joke,Lil Durk
2022,2499910,From a Birds Eye View,Cordae
2022,2499910,From a Birds Eye View,Cordae
2019,2717400,The Lost Boy,Cordae
2019,2717400,The Lost Boy,Cordae
2018,3922311,YBN: The Mixtape,YBN Nahmir
2020,2430693,From Dark to Light,NLE Choppa
2020,3683326,Top Shotta,NLE Choppa
2020,3685108,Top Shotta,NLE Choppa
2019,1506117,Cottonwood,NLE Choppa
2019,1775553,Holly Trap,NLE Choppa
2019,1306245,Narco Choppa,Icy Narco
2022,3196493,Pink Heartz,SoFaygo
2022,3196493,Pink Heartz,SoFaygo
2020,1195255,After Me,SoFaygo
2020,836540,Angelic 7,SoFaygo
2019,1013756,WAR,SoFaygo
2022,1849092,Baby On Baby 2,DaBaby
2022,1849092,Baby On Baby 2,DaBaby
2022,2021866,BETTER THAN YOU,DaBaby
2022,2021866,BETTER THAN YOU,DaBaby
2020,3593788,BLAME IT ON BABY (DELUXE),DaBaby
2020,3591443,BLAME IT ON BABY (DELUXE),DaBaby
2020,2020418,BLAME IT ON BABY,DaBaby
2020,2019993,BLAME IT ON BABY,DaBaby
2019,2115941,KIRK,DaBaby
2019,2115941,KIRK,DaBaby
2019,1901916,Baby On Baby,DaBaby
2019,1902167,Baby On Baby,DaBaby
2018,1440917,Blank Blank,DaBaby
2018,1508024,Baby Talk 5,DaBaby
2018,1511169,Baby Talk 5,DaBaby
2017,1502856,Back On My Baby Jesus Sh!t,DaBaby
2017,1996703,Billion Dollar Baby,DaBaby
2017,1997647,Billion Dollar Baby,DaBaby
2016,1941969,God's Work Resurrected,DaBaby
2016,2023800,God's Work Resurrected,DaBaby
2018,6100408,SR3MM,Rae Sremmurd
2018,6100408,SR3MM,Rae Sremmurd
2016,3348716,SremmLife 2 (Deluxe),Rae Sremmurd
2016,3347449,SremmLife 2 (Deluxe),Rae Sremmurd
2016,2611143,SremmLife 2,Rae Sremmurd
2016,2610850,SremmLife 2,Rae Sremmurd
2015,2736543,SremmLife,Rae Sremmurd
2015,2738771,SremmLife,Rae Sremmurd
2021,3053486,CHOMP 2,Russ
2020,3970767,SHAKE THE SNOW GLOBE (DELUXE),Russ
2020,2624956,SHAKE THE SNOW GLOBE,Russ
2018,3064609,ZOO,Russ
2017,3838339,There's Really A Wolf,Russ
2014,2219512,Silence,Russ
2014,1658900,Brain Dead,Russ
2014,1273254,Pink Elephant,Russ
2013,1979108,Color Blind,Russ
2013,2413864,5280,Russ
2013,1950403,Velvet,Russ
2013,4615566,The Edge,Russ
2013,3531875,Straight from Limbo,Russ
2012,2800554,Vacation,Russ
2012,1716736,Apollo 13,Russ
2022,4567059,Gangsta Art,Yo Gotti
2022,4567059,Gangsta Art,Yo Gotti
2021,4339805,A Gangsta’s Pain: Reloaded,Moneybagg Yo
2021,4339805,A Gangsta’s Pain: Reloaded,Moneybagg Yo
2021,3090501,A Gangsta’s Pain,Moneybagg Yo
2021,3090501,A Gangsta’s Pain,Moneybagg Yo
2020,2306116,Code Red,Moneybagg Yo
2020,2306116,Code Red,Moneybagg Yo
2020,3697669,Time Served (Deluxe),Moneybagg Yo
2020,3700636,Time Served (Deluxe),Moneybagg Yo
2020,2474093,Time Served,Moneybagg Yo
2020,2474093,Time Served,Moneybagg Yo
2019,2427210,43VA HEARTLESS,Moneybagg Yo
2019,2432686,43VA HEARTLESS,Moneybagg Yo
2018,2624597,RESET,Moneybagg Yo
2018,2624597,RESET,Moneybagg Yo
2018,1420150,Bet On Me,Moneybagg Yo
2018,1419173,Bet On Me,Moneybagg Yo
2018,3052921,2 Heartless,Moneybagg Yo
2018,3052921,2 Heartless,Moneybagg Yo
2018,3052921,2 Heartless,Moneybagg Yo
2018,2992228,Money Bags From The Trap,Moneybagg Yo
2017,2585748,Fed Baby’s,Moneybagg Yo
2017,2660954,Federal 3X,Moneybagg Yo
2017,2662473,Federal 3X,Moneybagg Yo
2017,2152312,Heartless,Moneybagg Yo
2017,2153174,Heartless,Moneybagg Yo
2016,3674474,2 Federal,Moneybagg Yo
2016,1664674,All Gas No Brakes,Moneybagg Yo
2016,3718731,ELO: Everybody Lives On,Moneybagg Yo
2016,4417798,Federal Reloaded,Moneybagg Yo
2022,3112715,King's Disease III,Nas
2022,3112749,King's Disease III,Nas
2021,1756243,Magic,Nas
2021,1756047,Magic,Nas
2021,3092420,King's Disease II,Nas
2021,3092420,King's Disease II,Nas
2021,3969569,It Was Written (Expanded Edition),Nas
2020,2300042,King's Disease,Nas
2020,2300042,King's Disease,Nas
2019,3583253,The Lost Tapes 2,Nas
2019,3583253,The Lost Tapes 2,Nas
2018,1592989,NASIR,Nas
2018,2865756,Illmatic: Live from the Kennedy Center with the National Symphony Orchestra,Nas
2014,5144047,Illmatic XX,Nas
2012,4552793,Life Is Good,Nas
2012,3497408,Life Is Good,Nas
2012,3497422,Life Is Good,Nas
2012,4304180,Life Is Good (Deluxe),Nas
2012,4304166,Life Is Good (Deluxe),Nas
2012,3746101,Life Is Good (Explicit Version),Nas
2012,3497408,Life Is Good,Nas
2012,3745022,Life Is Good (Edited Version),Nas
2012,3497422,Life Is Good,Nas
2012,4304180,Life Is Good (Deluxe),Nas
2012,4304166,Life Is Good (Deluxe),Nas
2010,3710581,Distant Relatives,Damian Marley
2008,3475932,Nas,Nas
2008,3248451,Nas,Nas
2008,3475874,Nas [Exclusive Edition (Edited)],Nas
2008,3248462,Untitled,Nas
2007,3784967,Hip Hop Is Dead (Expanded Edition),Nas
2006,3785381,Hip Hop Is Dead (Expanded Edition),Nas
2004,5265378,Street's Disciple,Nas
2004,5265365,Street's Disciple,Nas
2003,444048,QB 2 Compton Ringtones,Nas
2002,3424651,God's Son,Nas
2002,3424635,God's Son,Nas
2002,2380863,The Lost Tapes,Nas
2001,3401594,Stillmatic,Nas
2001,3401594,Stillmatic,Nas
2001,3408757,Stillmatic,Nas
1999,3761153,Nastradamus,Nas
1999,3760983,Nastradamus,Nas
1999,3891330,I Am...,Nas
1999,3896395,I Am...,Nas
1996,3515502,It Was Written,Nas
1994,2388877,Illmatic,Nas
1994,2389544,Illmatic,Nas
2022,2464187,"You Still Here, Ho ?",Flo Milli
2022,2464187,"You Still Here, Ho ?",Flo Milli
2020,1800944,"Ho, why is you here ?",Flo Milli
2020,1800879,"Ho, why is you here ?",Flo Milli
2022,2054336,Lyfë,Yeat
2022,2054336,Lyfë,Yeat
2022,5333058,2 Alivë (Geëk Pack),Yeat
2022,5333031,2 Alivë (Geëk Pack),Yeat
2022,3761180,2 Alivë,Yeat
2022,3761153,2 Alivë,Yeat
2021,3399145,Up 2 Më,Yeat
2021,3370099,4L,Yeat
2021,3806318,Alivë,Yeat
2019,1158279,Wake Up Call,Yeat
2022,3032448,Trendsetter,Coi Leray
2022,3033635,Trendsetter,Coi Leray
2022,3033635,Trendsetter,Coi Leray
2022,3032448,Trendsetter,Coi Leray
2019,1410957,EC2,Coi Leray
2019,1410957,EC2,Coi Leray
2018,2107892,Everythingcoz,Coi Leray
2021,5417341,Hall of Fame 2.0,Polo G
2021,3242942,Hall of Fame,Polo G
2021,3254019,Hall of Fame,Polo G
2020,2830134,THE GOAT,Polo G
2020,2857614,THE GOAT,Polo G
2019,2473209,Die A Legend,Polo G
2022,4342448,Me vs. Myself (Deluxe),A Boogie Wit da Hoodie
2022,4136154,Me vs. Myself,A Boogie Wit da Hoodie
2022,4342448,Me vs. Myself (Deluxe),A Boogie Wit da Hoodie
2022,4136154,Me vs. Myself,A Boogie Wit da Hoodie
2022,4342448,Me vs. Myself (Acapella) [Deluxe],A Boogie Wit da Hoodie
2022,4342448,Me vs. Myself (Acapella) [Deluxe],A Boogie Wit da Hoodie
2022,4342448,Me vs. Myself (Instrumental) [Deluxe],A Boogie Wit da Hoodie
2021,1336293,B4 AVA,A Boogie Wit da Hoodie
2021,1336293,B4 AVA,A Boogie Wit da Hoodie
2020,5042580,Artist 2.0 (Deluxe),A Boogie Wit da Hoodie
2020,5042580,Artist 2.0 (Deluxe),A Boogie Wit da Hoodie
2020,3551950,Artist 2.0,A Boogie Wit da Hoodie
2020,3551950,Artist 2.0,A Boogie Wit da Hoodie
2018,3704676,Hoodie SZN,A Boogie Wit da Hoodie
2018,3704502,Hoodie SZN,A Boogie Wit da Hoodie
2018,1570622,International Artist,A Boogie Wit da Hoodie
2018,1570622,International Artist,A Boogie Wit da Hoodie
2017,3101172,The Bigger Artist,A Boogie Wit da Hoodie
2017,3112000,The Bigger Artist,A Boogie Wit da Hoodie
2016,2392694,Artist,A Boogie Wit da Hoodie
2022,2232859,I Can't Wait,TiaCorine
2022,2221159,I Can't Wait,TiaCorine
2021,2223008,The Saga of 34Corine,TiaCorine
2021,2222635,The Saga of 34Corine,TiaCorine
2020,1154330,34Corine,TiaCorine
2020,1154330,34Corine,TiaCorine
2022,2328022,Feed Tha Streets III,Roddy Ricch
2022,2328022,Feed Tha Streets III,Roddy Ricch
2021,3047354,LIVE LIFE FAST,Roddy Ricch
2021,3047343,LIVE LIFE FAST,Roddy Ricch
2019,2608055,Please Excuse Me for Being Antisocial,Roddy Ricch
2018,2102202,Feed Tha Streets II,Roddy Ricch
2022,3146016,ONLY BUILT 4 DIAMOND LINKS,Peezy
2022,3144346,ONLY BUILT 4 DIAMOND LINKS,Peezy
2022,1005366,Kut The Kap,How DBlack Do Dat
2021,1534833,Free Rio,Peezy
2020,1532686,Ghetto Superstars,Peezy
2020,2832069,Ballin Ain't A Crime 2,Peezy
2020,1611897,Ghetto Rich Niggaz,Payroll Giovanni
2019,1180610,Royalty One,Peezy
2019,1796959,No Hooks II,Peezy
2018,1323736,No Hooks,Peezy
2018,3476445,East Side,Philthy Rich
2017,3672741,Ghetto Wave,Peezy
2017,3036038,Ghetto Wave,Peezy
2017,1282997,Winter Grind,Peezy
2017,1287571,Winter Grind,Peezy
2017,2917894,People's Champ,Peezy
2017,2919964,People's Champ,Peezy
2017,2661599,Ballin Ain't a Crime,Peezy
2017,3069975,Number 1 Ghetto Boy,Peezy
2016,4173448,Mud Sweat & Tears,Peezy
2016,2295356,Mud In Mud Out Vol 1,Peezy
2015,3998631,Mud Music 2 Reloaded,Peezy
2014,3262425,Mud Muzik,Peezy
2022,3321252,I Never Felt Nun,EST Gee
2022,3321251,I Never Felt Nun,EST Gee
2022,2304272,Last Ones Left,42 Dugg
2022,2304272,Last Ones Left,42 Dugg
2021,3820432,Bigger Than Life Or Death (Deluxe),EST Gee
2021,3820491,Bigger Than Life Or Death (Deluxe),EST Gee
2021,1144800,Bigger Than Life Or Death Part 2,EST Gee
2021,1144800,Bigger Than Life Or Death Part 2,EST Gee
2021,2207754,Bigger Than Life Or Death,EST Gee
2021,2207754,Bigger Than Life Or Death,EST Gee
2020,2317505,I Still Dont Feel Nun,EST Gee
2020,2318446,I Still Dont Feel Nun,EST Gee
2020,1659817,Ion Feel Nun,EST Gee
2020,1659817,Ion Feel Nun,EST Gee
2019,2179241,Die Bloody,EST Gee
2019,2164952,Die Bloody,EST Gee
2019,3067340,El Toro,EST Gee
2019,3042657,El Toro,EST Gee
2022,2325515,Paper Route Frank,Young Dolph
2022,2324289,Paper Route Frank,Young Dolph
2021,4684601,PAPER ROUTE iLLUMINATi,Young Dolph
2021,4679973,PAPER ROUTE iLLUMINATi,Young Dolph
2021,3713613,Dum and Dummer 2,Young Dolph
2021,3711733,Dum and Dummer 2,Young Dolph
2021,4299015,Rich Slave (Deluxe),Young Dolph
2021,4224257,Rich Slave (Deluxe),Young Dolph
2020,2692033,Rich Slave,Young Dolph
2020,2684552,Rich Slave,Young Dolph
2019,3629952,Dum and Dummer,Young Dolph
2019,3630444,Dum and Dummer,Young Dolph
2018,2683754,Role Model,Young Dolph
2018,2686421,Role Model,Young Dolph
2017,2031251,Thinking Out Loud,Young Dolph
2017,2031511,Thinking Out Loud,Young Dolph
2017,2013269,Tracking Numbers,Berner
2017,1886957,Bulletproof,Young Dolph
2017,1884637,Bulletproof,Young Dolph
2017,2267307,Gelato,Young Dolph
2017,2263843,Gelato,Young Dolph
2016,2638544,Rich Crack Baby,Young Dolph
2016,3194847,Bosses & Shooters,Young Dolph
2016,2083473,King of Memphis,Young Dolph
2015,2931375,East Atlanta Memphis,Gucci Mane
2015,2494935,16,Young Dolph
2015,2019941,Shittin On The Industry,Young Dolph
2015,2454640,16 Zips,Young Dolph
2015,3194647,Felix Brothers,Gucci Mane
2015,2456018,BagMen,Peewee Longway
2015,3194647,Felix Brothers,Gucci Mane
2015,2786082,High Class Street Music 5: The Plug Best Friend,Young Dolph
2014,3145267,High Class Street Music 4: American Gangster,Young Dolph
2014,2185477,Cross Country Trappin,Young Dolph
2013,3273240,South Memphis Kingpin,Young Dolph
2013,3398011,High Class Street Music 3: Trappin' out a Mansion,Young Dolph
2013,2916805,East Atlanta Memphis,Gucci Mane
2012,4317951,Blue Magic,Young Dolph
2012,4766130,A Time 2 Kill,Young Dolph
2011,3721353,High Class Street Music 2: Hustler's Paradise,Young Dolph
2011,4445483,High Class Street Music,Young Dolph
2010,3766446,Welcome 2 Dolph World,Young Dolph
2021,3600411,We Love You Tecca 2 (Deluxe),Lil Tecca
2021,3592093,We Love You Tecca 2 (Deluxe),Lil Tecca
2021,2858241,We Love You Tecca 2,Lil Tecca
2021,2852484,We Love You Tecca 2,Lil Tecca
2020,2741460,Virgo World,Lil Tecca
2020,2740927,Virgo World,Lil Tecca
2019,2574474,We Love You Tecca,Lil Tecca
2019,2574474,We Love You Tecca,Lil Tecca
2022,4975390,Yellow Tape 2 (Deluxe),Key Glock
2022,4973610,Yellow Tape 2 (Deluxe),Key Glock
2021,3213980,Yellow Tape 2,Key Glock
2021,3211547,Yellow Tape 2,Key Glock
2021,3713613,Dum and Dummer 2,Young Dolph
2021,3711733,Dum and Dummer 2,Young Dolph
2020,2602928,Son Of A Gun,Key Glock
2020,2604342,Son Of A Gun,Key Glock
2020,2733981,Yellow Tape,Key Glock
2020,2732796,Yellow Tape,Key Glock
2019,3629952,Dum and Dummer,Young Dolph
2019,3630444,Dum and Dummer,Young Dolph
2018,2229194,Glockoma,Key Glock
2018,2226369,Glockoma,Key Glock
2018,2830995,Glock Bond,Key Glock
2018,2637779,Glock Bond,Key Glock
2018,2831956,Glock Bond,Key Glock
2017,2223830,Glock Season,Key Glock
2022,2533918,90 Days,Finesse2tymes
2022,2516729,90 Days,Finesse2tymes
2022,3478836,90 Days (ChopNotSlop Remix),Finesse2tymes
2022,2215418,90 Days (Sped Up),Finesse2tymes
2022,2569538,Singlez,Finesse2tymes
2019,1947855,Federal 4 Real Free Finesse,Finesse2tymes
2019,2332048,Goin’ Straight In,Finesse2tymes
2019,2605839,Hustle & Flow,Finesse2tymes
2022,1973344,777,Latto
2022,1973344,777,Latto
2020,2643938,Queen of Da Souf (Extended Version) [Deluxe Version],Latto
2020,2643932,Queen of Da Souf (Extended Version) [Deluxe Version],Latto
2020,1884138,Queen of Da Souf,Latto
2020,1884138,Queen of Da Souf,Latto
2018,1991832,Mulatto,Latto
2017,3289421,Latto Let 'Em Know,Latto
2016,1831489,Miss Mulatto,Latto
2023,4937740,Coke Boys 6: Money Heist Edition,French Montana
2023,3404182,Coke Boys 6,French Montana
2023,4935056,Coke Boys 6: Money Heist Edition,French Montana
2023,3401497,Coke Boys 6,French Montana
2022,2647257,Montega (Deluxe),French Montana
2022,2288194,Montega,French Montana
2022,2287576,Montega,French Montana
2021,3886780,They Got Amnesia,French Montana
2021,3667316,They Got Amnesia,French Montana
2021,3886798,They Got Amnesia,French Montana
2021,3667334,They Got Amnesia,French Montana
2020,3543921,CB5,French Montana
2020,3543921,CB5,French Montana
2019,4053833,MONTANA,French Montana
2019,4054052,MONTANA,French Montana
2017,3867265,Jungle Rules,French Montana
2017,3867265,Jungle Rules,French Montana
2016,2849412,Wave Gods,French Montana
2015,2708683,Coke Zoo,French Montana
2015,3344077,Casino Life 2: Brown Bag Legend,French Montana
2014,1519145,Mac & Cheese 4: The Appetizer,French Montana
2014,3196048,The Jack Move,French Montana
2014,4164436,Coke Boys 4,French Montana
2013,6511251,Excuse My French (Deluxe 2.0),French Montana
2013,4557286,Excuse My French (Deluxe),French Montana
2013,4589553,Excuse My French (Deluxe),French Montana
2013,4337260,Excuse My French (Deluxe),French Montana
2013,4337260,Excuse My French (Deluxe),French Montana
2013,3557140,Excuse My French,French Montana
2013,3305114,Excuse My French,French Montana
2013,3305114,Excuse My French,French Montana
2013,3305821,Excuse My French,French Montana
2013,3305822,Excuse My French,French Montana
2012,2720088,Im a Motherfckin Coke Boy,French Montana
2012,4515384,Mac & Cheese 3,French Montana
2012,2160789,Dope Couture,French Montana
2012,3953387,Coke Boys 3,French Montana
2011,3854774,Cocaine Mafia,French Montana
2011,3029857,Lock Out,French Montana
2011,3734155,Coke Boys Run NY,French Montana
2011,3783420,Coke Boys 2,French Montana
2011,4625066,Casino Life: Mr. 16,French Montana
2011,4193873,Mister 16: Casino Life,French Montana
2010,2954754,Coke Boys Tour,French Montana
2010,3497768,Coke Boys,French Montana
2010,2458221,Coke Wave 2,French Montana
2010,3735745,Mac & Cheese 2,French Montana
2009,4366806,Black Friday: The Mac & Cheese 2 Appetizer,French Montana
2009,3662710,Coke Wave 2,French Montana
2009,3572223,Cocaine Konvicts: Gangsta Grillz,French Montana
2022,2429699,23,Central Cee
2021,2312475,Wild West,Central Cee
2021,3094540,Life of a DON,Don Toliver
2021,3094540,Life of a DON,Don Toliver
2020,3139787,Heaven Or Hell (CHOPNOTSLOP REMIX),Don Toliver
2020,2191169,Heaven Or Hell,Don Toliver
2018,2325759,Donny Womack,Don Toliver
2022,1287902,Jupiter's Diary: 7 Day Theory,Rod Wave
2022,4099120,Beautiful Mind,Rod Wave
2021,5109172,SoulFly (Deluxe Version),Rod Wave
2021,3421388,SoulFly,Rod Wave
2021,3424712,SoulFly,Rod Wave
2020,4299321,Pray 4 Love (Deluxe),Rod Wave
2020,4268364,Pray 4 Love (Deluxe),Rod Wave
2020,2317781,Pray 4 Love,Rod Wave
2020,2314876,Pray 4 Love,Rod Wave
2019,2391750,Ghetto Gospel,Rod Wave
2019,1997176,PTSD,Rod Wave
2018,1895329,Hunger Games 3,Rod Wave
2018,1676277,Hunger Games 2,Rod Wave
2022,2867044,Blackout: The Sequel,Money Man
2022,2865623,Blackout: The Sequel,Money Man
2022,1471785,Blackout,Money Man
2022,1471838,Blackout,Money Man
2022,1868221,Big Money,Money Man
2022,1868221,Big Money,Money Man
2021,2061691,Blockchain,Money Man
2021,2061691,Blockchain,Money Man
2020,2967168,Epidemic (Deluxe),Money Man
2020,1900677,State of Emergency,Money Man
2020,1143129,Epidemic,Money Man
2020,1143129,Epidemic,Money Man
2019,2998978,Long Money,Peewee Longway
2019,3002250,Long Money,Peewee Longway
2019,3751535,Paranoia,Money Man
2018,1237296,TraumaMan,Money Man
2018,1376726,No Promo,Money Man
2018,1847468,6 Hours 2,Money Man
2018,1378535,6 Hours,Money Man
2018,1378607,6 Hours,Money Man
2018,1896674,Grow God,Money Man
2018,1773259,Grow God,Money Man
2017,1086215,24 Hours,Money Man
2017,2315931,Secret Society,Money Man
2016,2241091,Black Circle Friday,Money Man
2016,2787912,Black Circle 2,Money Man
2016,2580826,Black Circle,Money Man
2018,3143889,TESTING,A$AP Rocky
2018,3143889,TESTING,A$AP Rocky
2015,4421339,AT.LONG.LAST.A$AP,A$AP Rocky
2015,3977620,AT.LONG.LAST.A$AP,A$AP Rocky
2015,3977622,AT.LONG.LAST.A$AP,A$AP Rocky
2013,4156941,LONG.LIVE.A$AP (Deluxe Version),A$AP Rocky
2013,2960995,LONG.LIVE.A$AP,A$AP Rocky
2011,2951741,LIVE.LOVE.A$AP,A$AP Rocky
